site_id,category,r2_score
290955098562101.0,0.0,1.0
291136099375801.0,3.0,0.9027421947143892
292505098254002.0,0.0,1.0
292556098260701.0,0.0,1.0
292618099165901.0,3.0,0.038265129353466154
292943098354404.0,3.0,0.021901706231956752
293058098110501.0,0.0,0.4768004383574125
293202099063501.0,3.0,0.004073724283261915
293252098380801.0,3.0,0.017387296218587367
293348095070604.0,3.0,0.6041462762229544
293424098134701.0,3.0,0.5411110323722623
293516098325501.0,3.0,0.14339197608052723
293610098152701.0,3.0,0.7641822596307124
294338095270402.0,2.0,0.08773127737331299
294338095270403.0,3.0,0.19959786501729704
294726095351101.0,0.0,0.024558107433340193
294726095351102.0,3.0,0.4637507165693765
294726095351104.0,2.0,0.4753276508301211
294728095200103.0,2.0,0.11710093197087401
294901095221001.0,2.0,0.876127941248878
295204099340201.0,3.0,0.08115888832544826
295443097554201.0,0.0,0.028716967515835523
295449095084101.0,3.0,0.987438699679509
295652090020101.0,2.0,0.8455745968977493
295858097521801.0,2.0,0.003815839688809941
300322093452601.0,2.0,0.8033414260898877
300824095274701.0,2.0,0.7149307111125054
300849095143301.0,3.0,0.3396056929981841
301213093191701.0,2.0,0.24051638113672924
301228095272501.0,2.0,0.028796115345882556
301237097464801.0,3.0,0.34313661389128847
301300092584503.0,3.0,0.621466183995132
301505095343702.0,2.0,0.42237689666696976
301832092234501.0,3.0,0.749312865271776
301948095290002.0,2.0,0.720246767264634
301948095290004.0,2.0,0.5563845512564394
302355088540301.0,2.0,0.09667344168022318
302406088593201.0,1.0,0.2092138565495656
302416087505501.0,1.0,0.2163250879071863
302614091083001.0,2.0,0.04640393755961214
302636091083802.0,2.0,0.8262293034082971
302636095422801.0,1.0,0.6212760393094272
302636095422803.0,1.0,0.5105932431219768
302642091083401.0,2.0,0.7503439340390987
303143095334801.0,2.0,0.08451231574810081
304120092263001.0,3.0,0.4684864023621157
304313081330001.0,0.0,1.0
304406081330502.0,0.0,1.0
304406081330503.0,0.0,0.7162940997043623
304406081330504.0,0.0,1.0
304406081330505.0,0.0,1.0
304512081343601.0,1.0,0.15796252647306963
304712084395801.0,0.0,0.20397156925781446
304756081311101.0,0.0,1.0
304806084404101.0,0.0,0.05390805004496957
304942082213801.0,3.0,0.07306601563664139
304949083165301.0,3.0,0.012600521162415168
305018093251301.0,2.0,0.758033537430919
305235084125101.0,2.0,0.03503387791581869
305356084534601.0,0.0,0.42828208975039295
305736084355801.0,3.0,0.16699475835376487
310410081343801.0,0.0,1.0
310418081244701.0,0.0,1.0
310427084591101.0,3.0,0.31401540214332235
310428084310501.0,3.0,0.04183832249492858
310428084310503.0,3.0,0.5577626126571569
310507084262201.0,3.0,0.29689673023539753
310602081423601.0,0.0,1.0
310629081323301.0,0.0,1.0
310651084404501.0,0.0,0.36026804441082083
310706082155101.0,3.0,0.0650736756126008
310810081292801.0,0.0,1.0
310810081292802.0,0.0,1.0
310810081323501.0,0.0,1.0
310813083260301.0,2.0,0.010030310890538963
310818081293701.0,0.0,1.0
310818081294201.0,0.0,1.0
310822081294201.0,0.0,1.0
310835081294501.0,0.0,1.0
310835081294502.0,0.0,1.0
310901081284401.0,0.0,1.0
310901081284402.0,0.0,1.0
310901081284403.0,0.0,0.0062637638910955085
310902081284201.0,0.0,0.31679606001449145
310906081293201.0,0.0,9.029191040221818e-05
310924081295201.0,0.0,0.00028210070394896203
310924081295202.0,1.0,0.025868520760073843
310925081312201.0,0.0,1.0
310925081312202.0,0.0,1.0
310925081312203.0,1.0,0.27829950574079176
310931081291002.0,0.0,1.0
310938081285301.0,0.0,1.0
310938081285302.0,0.0,0.03030303030303383
311007081301701.0,0.0,1.0
311007081301702.0,0.0,1.0
311009084495502.0,0.0,0.10009835708158887
311009084495503.0,0.0,0.47637097877988854
311011081293101.0,1.0,0.07201806435780722
311022081304601.0,0.0,0.062467047531000186
311022081304602.0,0.0,0.17597974416630613
311028081285902.0,0.0,0.002616340574952747
311059081285702.0,0.0,0.17249784480049424
311319086153601.0,1.0,0.11418977882796588
311335084311901.0,1.0,0.2683461224798943
311400084295502.0,,0.1282458655837243
311454081210503.0,1.0,0.3231391155283845
311456081210501.0,0.0,0.05134725362279702
311456081210503.0,1.0,3.573826438751926e-05
311456081210504.0,1.0,0.38277988877513724
311530081363901.0,0.0,1.0
311530081363904.0,0.0,1.0
311633081324001.0,1.0,0.030303030303032163
311711081283002.0,1.0,0.025950006494123823
311802084192301.0,3.0,0.12249687239657314
311802084192302.0,3.0,0.20501422699082217
311802084192303.0,1.0,0.4390871407248914
311909081281101.0,1.0,0.15153382561939233
311909081281102.0,1.0,0.018751012716199833
311909081281103.0,1.0,0.12431791094007083
312044110141901.0,3.0,0.41321882858723
312115089193601.0,,0.06737521914431088
312127084065801.0,3.0,0.28187155933180796
312207110070702.0,1.0,0.04964828242540653
312214110071601.0,0.0,0.18882950824320266
312214110071602.0,0.0,0.16714356979895284
312232084391701.0,0.0,0.24975200392233798
312446081271203.0,0.0,0.015123158080980414
312617084110701.0,,0.12251644821886376
312642110063701.0,1.0,0.2905832612672171
312642110063702.0,1.0,0.416504727642243
312654084210102.0,0.0,0.061196390360895525
312654084210103.0,3.0,0.8247843024216114
312704084071601.0,1.0,0.2342846990689088
312705084410301.0,0.0,0.21483324412291382
312709084161701.0,0.0,0.020339611410090774
312711083293101.0,3.0,0.42931992390285656
312712082593301.0,3.0,0.02526541147986794
312716110063302.0,1.0,0.372548532873464
312827084551501.0,2.0,0.10484558076589612
312827084551503.0,2.0,0.14035176929647664
312853084275101.0,1.0,0.014502546645032255
312859110070601.0,1.0,0.16257209757408775
312900110071001.0,0.0,0.00028131728814384527
312919084153801.0,0.0,0.3765101387364075
312947084092201.0,0.0,0.08179560184945067
312950084131801.0,,0.0002689211413164916
313000084100301.0,0.0,0.04851429604254254
313019084104601.0,,0.027316171041913972
313031084005901.0,3.0,0.5961698683473196
313040084125901.0,0.0,0.18682992121708408
313105084064202.0,3.0,0.2572882519269063
313105084064301.0,3.0,0.1728145764535456
313105084064302.0,,0.05610929597992953
313105110074501.0,0.0,0.01929387985003561
313108110075202.0,0.0,0.3240831420692991
313130084101001.0,0.0,0.05630202078547397
313146083491601.0,3.0,0.7343716865045077
313247084005001.0,3.0,0.3025476974396115
313253081433501.0,0.0,1.0
313253081433502.0,3.0,0.15558169528206656
313253081433503.0,3.0,0.014982548735831491
313253081433504.0,2.0,0.16785697519651777
313256091214201.0,2.0,0.8218898371218317
313302084120301.0,0.0,0.0021916463961361154
313309110094301.0,0.0,0.0246262685084625
313312110082301.0,0.0,0.016512016149061504
313312110082302.0,1.0,0.01599966743918646
313312110082303.0,1.0,0.10830148977441878
313312110082501.0,1.0,0.10813806968472128
313312110082502.0,0.0,0.07681970741980604
313330091223702.0,2.0,0.7931671141451213
313450084091801.0,3.0,0.09701562348002368
313521084051001.0,0.0,0.20707150968176602
313530084203202.0,1.0,2.619196509789923e-06
313532084203501.0,2.0,0.0033797308374563517
313534084103001.0,3.0,0.5933640819755368
313534084103002.0,3.0,0.36898563525264505
313534084103003.0,3.0,0.2468491110176132
313554084062501.0,3.0,0.7188663855663747
313605091202201.0,2.0,0.7530341926470292
313618110162301.0,3.0,0.9951152922446979
313625084041501.0,3.0,0.0001487691663515367
313643110100101.0,1.0,0.23304949475820047
313643110100102.0,1.0,0.006465338936491372
313701081543501.0,3.0,0.09651636332653224
313738110102901.0,0.0,0.05329108218867473
313808084093601.0,0.0,0.36640195614621407
313812084125001.0,3.0,0.05746765728836112
313813084125001.0,3.0,0.138299630587437
313823081154201.0,0.0,0.050355664736531414
313845081361701.0,3.0,0.15791209156627206
313928089103001.0,2.0,0.2036177113034323
313953084361201.0,0.0,0.03599166335891579
313953084361202.0,2.0,0.026476945133374286
314115088392301.0,1.0,0.8075180867440896
314144110104701.0,1.0,0.03471913518557712
314144110104702.0,1.0,0.06396909524885475
314210089084401.0,2.0,0.27782226384317554
314248110105901.0,1.0,0.5367775429937764
314317110113401.0,0.0,0.2837153942592735
314318110113101.0,0.0,0.1821971000977659
314330084005401.0,0.0,0.059351639603606676
314330084005402.0,0.0,0.14042605637139705
314330084005403.0,0.0,0.19026773633325933
314343081251901.0,1.0,0.27647657857534713
314511110120601.0,0.0,0.028467725300787228
314602084473701.0,3.0,0.3094073288367435
314611084310301.0,3.0,0.08579060386277182
315113081121401.0,3.0,0.007231399034875241
315214081235301.0,0.0,0.07491700943172996
315353084192501.0,3.0,0.5507588587430082
315353084192502.0,3.0,0.07076220495677998
315356081214301.0,,0.8635174537735699
315443081185902.0,0.0,0.02669542398439806
315443081185903.0,0.0,0.013245915910009343
315712106361803.0,3.0,0.3839651301751822
315731083542301.0,2.0,0.1873184417334398
315731083542302.0,1.0,0.15439251315880054
315906081011202.0,2.0,0.5334911777491326
315906081011204.0,0.0,0.011605974791547902
315909110540601.0,,0.2180145364938355
315950081161201.0,1.0,0.008889417620063789
315953106390601.0,1.0,0.11322523381128269
320003084240501.0,1.0,0.443009364739801
320021081124801.0,2.0,0.3403103116935664
320039084235601.0,1.0,0.554000565341211
320048084240101.0,1.0,0.5178461691102286
320107084240801.0,2.0,0.4255680196138969
320122080510204.0,1.0,0.4090234826313135
320127080511201.0,,0.6985530873164275
320127080511203.0,0.0,0.001543484838005038
320127080511205.0,0.0,0.04829164488578752
320127080511301.0,1.0,0.4662475775511704
320139083511602.0,3.0,0.0010029018453608929
320150080540601.0,2.0,0.9520966975846771
320202080541201.0,1.0,0.19404260513948313
320202080541202.0,0.0,0.009860864693248761
320202080541203.0,1.0,0.05612588501513127
320226082301101.0,3.0,0.2098796664985383
320404106385801.0,1.0,0.1280904328497462
320433081042701.0,2.0,0.5184464615447195
320530081085001.0,2.0,0.2393869157533538
320622081063701.0,2.0,0.10801598863797301
320622081063702.0,2.0,0.8393134263231952
320716081153501.0,1.0,0.2686043355899742
320754081364301.0,3.0,0.07129386729121112
320845110551201.0,2.0,0.9722556828529457
320846080502203.0,0.0,0.026292396736661172
320910080472001.0,0.0,0.04057225823698196
320944111125701.0,2.0,0.60411302471528
321005080442705.0,0.0,0.3596552001574598
321058110563301.0,2.0,0.9306285535208524
321105106442101.0,1.0,0.6449504412888614
321110083462701.0,2.0,0.22835014649849006
321125080423000.0,1.0,0.014860713499773803
321142110530301.0,2.0,0.9962132638649714
321208110525001.0,2.0,0.9895394187523386
321240081411501.0,2.0,0.007340166274512505
321240081411502.0,0.0,0.3229561268874175
321302082243601.0,3.0,0.2178654879608648
321332106443701.0,3.0,0.9675172641575416
321332106443702.0,3.0,0.9688886300027257
321332106443703.0,,0.9271014496365416
321358080403802.0,0.0,0.004294800584737857
321459080420101.0,1.0,0.030330201055072892
321459080420102.0,0.0,0.2932309708828619
321517110571802.0,2.0,0.9572102617364725
321547111144001.0,2.0,0.801128277722801
321551080491003.0,0.0,0.5212946105032312
321603080432202.0,0.0,0.10315701799815591
321740106481001.0,3.0,0.2378491449382224
321740106481003.0,3.0,0.26228620903569677
321740106481004.0,3.0,0.688774226845333
321742081234901.0,1.0,0.07507394915820131
321742081234904.0,3.0,0.26067880818042544
321745106492101.0,3.0,0.32015473526713056
321745106492102.0,0.0,0.2189510159684419
321745106492103.0,1.0,0.08459888076003252
321745106492106.0,3.0,0.3039825689279928
321859106503101.0,1.0,0.3718979200291944
321943081151401.0,2.0,0.3877286810655457
322009111191801.0,2.0,0.9684074727567403
322036084590301.0,2.0,0.018893795113562595
322047086214301.0,1.0,0.6282232381320486
322057111134801.0,,0.21216500920856185
322234081190003.0,1.0,0.630739697449548
322236081191001.0,0.0,0.039255473201999846
322245083290101.0,3.0,0.014325781533286563
322310090530202.0,1.0,0.10629577939548929
322323106314701.0,3.0,0.6406047433015261
322339111170001.0,,0.21701462498396373
322500085551201.0,1.0,0.045356801119431855
322540106525101.0,1.0,0.4031984962371249
322652083033001.0,1.0,0.05286674272400249
322745080435800.0,0.0,0.006477397693084419
323030083030003.0,3.0,0.4167817966773689
323047090484401.0,1.0,0.08879389508944524
323123081511601.0,3.0,0.5293701186920449
323123081511602.0,3.0,0.4030250927700406
323302083263401.0,2.0,0.05414962955663616
323510111181001.0,2.0,0.9763725310831798
323802107024101.0,1.0,0.012486521836920228
323917107031601.0,0.0,0.01011689219236478
324003114235701.0,2.0,0.8879842298411068
324141092390501.0,2.0,0.2568994281676318
324143080505900.0,3.0,0.04423208553745528
324209082430201.0,3.0,0.30860849263151424
324226114554901.0,3.0,0.9815902047241626
324239114563601.0,0.0,0.3545869748424777
324248114500601.0,3.0,0.9656749529459726
324303114480501.0,3.0,0.9816047080946746
324325114461001.0,3.0,0.9449965205873676
324410114533801.0,3.0,0.8479747525335578
324419090351201.0,1.0,0.23230655330773775
324421114482101.0,3.0,0.9802995961798051
324450114515101.0,3.0,0.9716433654269739
324459114521701.0,3.0,0.9912247813321381
324525114500701.0,3.0,0.9908975729356797
324615090375001.0,1.0,0.1706703985473954
324729079472001.0,3.0,0.8212479168705625
325002107181201.0,0.0,0.06401863643158123
325232082131501.0,3.0,0.40026741012288003
325449109415501.0,3.0,0.993755147995825
325521109413001.0,3.0,0.9950991610578334
325538109432401.0,3.0,0.6788472176759738
325538109432402.0,3.0,0.42461389354047563
325610109425901.0,3.0,0.9192055337134181
325610109425902.0,3.0,0.4018077337471577
325817090464201.0,1.0,0.29997600420644255
325848082480901.0,3.0,0.1924873326997012
330002092445901.0,2.0,0.9885902031945085
330218080080700.0,3.0,0.7869762275118927
330227090592001.0,1.0,0.23727471412008105
330247079340300.0,1.0,0.27796940871208076
330256080354500.0,3.0,0.8645612984226935
330548081391101.0,0.0,1.0
330548081391102.0,0.0,1.0
330548081391103.0,0.0,1.0
330624091552801.0,2.0,0.5514726739619473
330855092505601.0,2.0,0.9777513282063206
330858084122901.0,1.0,0.2967326552662355
331022080021801.0,2.0,0.00591238464520305
331037081184301.0,0.0,0.35162891152084785
331038081184201.0,,0.1621606001045519
331039081184201.0,,0.0007600785580827996
331043081185601.0,0.0,0.023634320968350053
331044081185301.0,3.0,0.2366230771112241
331044081185401.0,3.0,0.09692436204229804
331044081185501.0,3.0,0.05978529789547238
331144092410601.0,2.0,0.7549850571798727
331346092391101.0,2.0,0.9776672546249071
331438092411901.0,2.0,0.9449842689759423
331507084171801.0,0.0,0.023970276502549126
331711081573701.0,2.0,0.49745552609850474
331849089105101.0,1.0,0.47724238806065344
331940081443501.0,2.0,0.6895558657675
331944082025501.0,2.0,0.8574468981083775
332131082013401.0,2.0,0.5055662552952969
332221081584601.0,,0.7067089757319863
332221081584602.0,,0.3578828865529613
332223091043301.0,1.0,0.2256332477982167
332242091030401.0,1.0,0.2189365127793168
332358081252000.0,3.0,0.1195541163414302
332424079171800.0,3.0,0.9907564370565467
332528082003301.0,1.0,0.5381893468850015
332610079104000.0,3.0,0.9114296691871423
332616081461601.0,2.0,0.05881540752976222
332616081462001.0,2.0,0.012887951759928518
332617081462001.0,2.0,0.07321171217402411
332649081072500.0,1.0,0.07213540915659
332808083010201.0,1.0,0.1473986608678155
332826090441601.0,0.0,0.6895485172155795
333021089202901.0,2.0,0.2579603889581873
333117114322801.0,0.0,0.7303015240045867
333204087324601.0,2.0,0.13296009893152216
333214114535501.0,2.0,0.0276962674238056
333230081290501.0,0.0,0.026115391861255444
333232081290605.0,3.0,0.5504728272383899
333233081290704.0,,0.7411473576542331
333233081290802.0,0.0,0.6762915176547277
333234081290703.0,0.0,0.6898333274952939
333251090323801.0,1.0,0.0075788807994113805
333315090151801.0,1.0,0.11814156543353338
333712088384601.0,3.0,0.6883564708810608
333859114291701.0,3.0,0.9645624556817187
333939114411501.0,2.0,0.8653928656014743
334207084254801.0,1.0,0.1477816547915769
334215089442701.0,1.0,0.13397698113908096
334404102414301.0,3.0,0.9854451015726382
334410079310200.0,3.0,0.9206732497378141
334747078435400.0,2.0,0.04285855804704308
334944080380100.0,0.0,0.7919694837799722
334953101503701.0,3.0,0.3149766846671507
335115079033500.0,3.0,0.9223642215343889
335143079195000.0,3.0,0.9675225045323018
335258091152301.0,1.0,0.8191430259156224
335334078352102.0,2.0,0.0017491949746349933
335334078352106.0,0.0,0.0004736096113483468
335335078351901.0,0.0,0.12225252934935993
335336082214600.0,2.0,0.0040300277699261144
335337094451101.0,1.0,0.3461620210117181
335517084164001.0,0.0,0.025559236085548886
335602080204800.0,2.0,0.5478152968466727
335612084312902.0,1.0,0.09986156430102633
335614084010701.0,1.0,0.2877177968457446
335614084010702.0,1.0,0.012050591237030783
335629078115406.0,0.0,0.07007543497496327
335629078115407.0,0.0,0.14017329373377407
335631078003604.0,1.0,0.3141452605617375
335631078003605.0,1.0,0.561622817428118
335631078003606.0,0.0,0.10394405340406931
335849078054301.0,1.0,0.02056221167342942
335911090553901.0,1.0,0.10860806082925856
335929087021001.0,1.0,0.13776735950205043
340042095051801.0,2.0,0.7116379929564773
340204083132601.0,0.0,0.018097399921069734
340416078084202.0,0.0,0.40068116436782597
340517081401300.0,0.0,0.13987781888101836
340806079563100.0,3.0,0.7051934253087224
340848102392801.0,3.0,0.9759989155005588
341020083201701.0,0.0,0.40422299581347276
341144079345001.0,2.0,0.9450523023425444
341243096534501.0,1.0,0.8252676230587213
341405080110100.0,1.0,0.018175426115397242
341913084325301.0,0.0,1.0
342116101452901.0,3.0,0.9950155726666969
342125084083301.0,0.0,0.0011436939472034835
342136089315001.0,3.0,0.04720937372511935
342440080443900.0,2.0,0.04212752320213686
342440080443901.0,2.0,0.1333593085192628
342527096493301.0,0.0,0.1650517422178328
342550089312801.0,2.0,0.12318967556096705
342633096494401.0,,0.1445766153918634
342718087285601.0,0.0,0.0007407041627581767
342922084511601.0,1.0,0.05669829099753598
343017096561501.0,3.0,0.4006814832926465
343022096565701.0,1.0,0.2984984300278892
343048093030401.0,2.0,0.47174676232051915
343105080172100.0,1.0,0.6559069227861795
343108090462601.0,1.0,0.4599371195874027
343409111511101.0,0.0,0.1874635392328492
343457096404501.0,3.0,0.05368768367375587
343609077171301.0,0.0,0.20883487765068076
343641077290101.0,3.0,0.08735754169089371
343641077290103.0,3.0,0.5755318862721409
343641077290104.0,3.0,0.14371307669354738
343641077290106.0,0.0,0.0108813458811311
343714082285600.0,1.0,0.42626066563990506
343715079411500.0,0.0,0.1534761728809192
343753106430601.0,3.0,0.7451776912428817
343753106430602.0,3.0,0.5684848484848583
343850111460701.0,3.0,0.7468277217820265
343852111460301.0,3.0,0.9582143794612694
344000081250011.0,2.0,0.09312281261680322
344037077253901.0,0.0,0.06996962217347569
344139077211202.0,3.0,0.9708448086837054
344139077211204.0,0.0,0.05302553724354664
344139077211205.0,0.0,0.005394338377659236
344139077211206.0,1.0,0.09101157431408069
344139077211207.0,1.0,0.04730799214146875
344143099560601.0,1.0,0.6596896786968982
344203077182001.0,1.0,0.0021216206934990822
344304077232901.0,0.0,0.1445025795581213
344314083433201.0,1.0,0.004984070554256537
344323076451301.0,0.0,0.002193014975440666
344327114313001.0,3.0,0.07384803529233575
344333080503600.0,0.0,0.05543972701084554
344333080503601.0,0.0,0.08716746206871451
344425077272501.0,1.0,0.37264371314380274
344431106393401.0,3.0,0.6978699881925599
344431106393402.0,3.0,0.8611840648039674
344431106393403.0,3.0,0.754095618370199
344520079281001.0,0.0,0.260761745618744
344544079263701.0,0.0,0.05552495145231684
344544112025001.0,2.0,0.28655978649233493
344651091355102.0,2.0,0.19676338045545172
344653091382701.0,2.0,0.7885535628893772
344656098031401.0,2.0,0.1992209880171042
344749098350301.0,1.0,0.2524906585016867
345051078012109.0,0.0,0.16301411546988442
345051083041800.0,1.0,0.019269720781483146
345145081502900.0,2.0,0.6609646853115797
345342102313801.0,2.0,0.9275540350639394
345403085160001.0,0.0,0.05914306235214384
345413091493401.0,,0.48951612764251906
345603110450301.0,2.0,0.02082095464453204
345609080415102.0,1.0,0.13806150832675512
345609080415103.0,3.0,0.2969583966684298
345650106415901.0,1.0,0.8006880426204404
345650106415902.0,1.0,0.007259531715758771
345650106415903.0,1.0,0.06451139299977449
345650106415904.0,1.0,0.6152517062804339
345758106364001.0,2.0,0.8782387915469825
345758106364002.0,2.0,0.8156842545230591
345758106364003.0,2.0,0.9563055451368826
345809077301408.0,0.0,0.31743806839779465
345812079313401.0,1.0,0.004804187734428589
345830081033100.0,1.0,0.06756669502131474
345830081033101.0,1.0,0.11798700827917985
350002090054400.0,3.0,0.7922287881660787
350002110355501.0,2.0,0.4968255257823222
350034086422800.0,1.0,0.23449030467574628
350056106370102.0,2.0,0.9043094282880919
350056106370103.0,2.0,0.9709336848733708
350100106405701.0,1.0,0.4641928860364154
350100106405702.0,1.0,0.35816133181048726
350124090072200.0,2.0,0.2642066848770912
350150081012500.0,0.0,0.19184631933973573
350234085181200.0,0.0,0.0031457090318400827
350244106450201.0,2.0,0.9037937504390172
350244106450202.0,2.0,0.8979201643486978
350244106450203.0,2.0,0.8888924077670324
350256106390801.0,1.0,0.7723652023214521
350307106410601.0,1.0,0.8177003271230988
350307106410602.0,1.0,0.8128713321800553
350344090130000.0,0.0,0.12235525829331906
350359106254701.0,3.0,0.8015426546075886
350406089444401.0,2.0,0.9484691153831899
350414104485101.0,3.0,0.12567097214299205
350427112414701.0,2.0,0.41572148260324293
350432090015101.0,2.0,0.49703851417821
350506089483101.0,2.0,0.8841941177696953
350514089553700.0,2.0,0.5813891968862535
350534106354701.0,2.0,0.7598542013407558
350534106354702.0,2.0,0.7108438173740628
350534106354703.0,2.0,0.6807031576800255
350545106335901.0,2.0,0.732770029778008
350545106335902.0,2.0,0.5729437090453016
350545106335903.0,2.0,0.5381902334379584
350616112435601.0,2.0,0.6825880302497098
350638106413701.0,2.0,0.3267519702527846
350638106413702.0,2.0,0.47088158580588146
350638106413703.0,2.0,0.32786127670620024
350638106413704.0,2.0,0.2788752580767948
350638106413705.0,2.0,0.32268066251248584
350638106413706.0,2.0,0.07630798495626889
350653106311601.0,2.0,0.6044356752115858
350653106311602.0,2.0,0.6389577180720379
350653106311603.0,2.0,0.9859012665555584
350658089560100.0,3.0,0.8289674900792244
350706106390301.0,,0.6913404596434283
350706106390302.0,,0.6862798894483069
350706106390303.0,1.0,0.7779258039187344
350721106211001.0,3.0,0.000591775920944948
350724089555600.0,2.0,0.0018547635215839797
350735089593300.0,2.0,0.8418564341307624
350750085045802.0,0.0,0.6083417607783961
350810089430801.0,3.0,0.9480323474154906
350811089430901.0,3.0,0.8945794830859691
350836106395401.0,1.0,0.5729432785242954
350836106395402.0,1.0,0.6370550002263233
350836106395403.0,1.0,0.6009344233525695
350836106395404.0,1.0,0.29720232598384877
350853106205701.0,3.0,0.35196860522575
350857089591401.0,1.0,0.6528208084535285
350900089482300.0,2.0,0.9388478009068626
350908106344401.0,2.0,0.8184997626217985
350908106344402.0,2.0,0.6497142406156836
350910090015102.0,3.0,0.8012860113701947
350910106414801.0,2.0,0.7448218932935108
350910106414802.0,2.0,0.6922838230192718
350910106414803.0,2.0,0.6585441932879383
350914090010601.0,2.0,0.3999022252873241
350918081263408.0,3.0,0.02591239454393557
350954106212401.0,3.0,0.5642377500370107
350959110562303.0,3.0,0.9112173391010602
351022111061801.0,3.0,0.6125522837251332
351100089523600.0,3.0,0.00740995130370925
351102089582701.0,0.0,0.1373078506372567
351113089583101.0,0.0,0.21252017949623636
351114106330601.0,2.0,0.9141222707156186
351114106330602.0,2.0,0.9138969810531007
351114106330603.0,2.0,0.9185089023832237
351115085025001.0,1.0,0.06546546246282814
351117083545001.0,0.0,0.004256423902291195
351121083545002.0,1.0,0.004415515654268454
351126079301401.0,2.0,0.16170083239121824
351132079275301.0,2.0,0.07131018495678976
351146085122701.0,2.0,0.08795359564988314
351201106400501.0,2.0,0.27635683538788136
351201106400502.0,2.0,0.30003597043365127
351201106400503.0,2.0,0.6114227412420247
351201106400504.0,2.0,0.05782512643491944
351201106400505.0,2.0,0.4460784297946885
351201106400506.0,2.0,0.45497340052491464
351214111022101.0,3.0,0.9712664018249919
351248085131601.0,0.0,3.6664969002786485e-05
351249085110101.0,3.0,0.13612590868154983
351308098341601.0,3.0,0.04030330701851714
351354092232401.0,1.0,0.6978379238030619
351357106323001.0,2.0,0.967675694874277
351357106323002.0,2.0,0.9666739178348439
351357106323003.0,2.0,0.8627629817632952
351428085003600.0,0.0,1.0
351435090005200.0,2.0,0.259448747574095
351439089572301.0,2.0,0.04433152589362854
351515106410401.0,3.0,0.09875534576688472
351515106410402.0,3.0,0.10966997947837098
351515106410403.0,2.0,0.1847269960117518
351709082434101.0,0.0,0.04014683394280627
351808082374302.0,0.0,0.005506218653250072
351821106333901.0,3.0,0.00432364833321186
351821106333902.0,1.0,0.7071136279089092
351849078163901.0,0.0,0.3294577658020712
352012081154301.0,,0.014238964220141814
352012081154302.0,,0.011205697083201183
352042089523401.0,1.0,0.14196824901243899
352042089523402.0,0.0,0.061905896168377605
352042089523403.0,0.0,0.07162910060399175
352142099122501.0,1.0,0.9073112820068274
352226089330102.0,2.0,0.3291482133192789
352315082484401.0,1.0,0.002438789590218371
352341090213101.0,1.0,0.28090427474123847
352423098341701.0,3.0,0.08950745867193977
352515086011702.0,1.0,0.45112329551926544
352519083272401.0,1.0,0.009743814769098358
352726090523101.0,3.0,0.9193177265816772
352949105144301.0,2.0,0.7311973917972729
353107097453701.0,1.0,0.04700808109569399
353135080524201.0,1.0,0.05933927197543176
353135080524202.0,1.0,0.05792387586248471
353135080524203.0,0.0,0.03710896249561124
353146105144801.0,3.0,0.5468292510696029
353219077153801.0,0.0,0.21715055279704965
353232089115601.0,0.0,0.07886201465076659
353348106025101.0,3.0,0.5698377394258307
353348106025102.0,3.0,0.9942721174824595
353348106025103.0,3.0,0.6109714285714196
353606090510701.0,3.0,0.8481677633351616
353824106040901.0,2.0,0.8832108870270295
353824106040902.0,2.0,0.9823345955972616
353824106040903.0,3.0,0.8441220780982484
353825105594701.0,3.0,0.33389047573342845
353825105594702.0,3.0,0.12969846895067105
353825105594703.0,3.0,0.9706436302701992
353839089493500.0,2.0,0.003094461011028393
353922083345600.0,1.0,0.027596236542729136
353945105574501.0,3.0,0.9866477478599482
353945105574502.0,2.0,0.568915732621885
353945105574503.0,2.0,0.9374615998408329
354056106215801.0,3.0,0.7802632295979279
354057080362601.0,1.0,0.11446604835084395
354112098430601.0,1.0,0.848715651823649
354133082042201.0,0.0,0.10462337207476535
354133082042203.0,0.0,0.10128940444736201
354228106044901.0,3.0,0.6095693779903817
354228106044902.0,3.0,0.28467502155030455
354228106044903.0,3.0,0.7020822752666709
354302081433201.0,0.0,0.0021942584006698906
354302081433202.0,1.0,8.291509981539491e-05
354315078300101.0,1.0,0.21124256951202114
354315078300103.0,1.0,0.20092500519991874
354321105573701.0,3.0,0.2996696594223327
354321105573702.0,3.0,0.2597684633139312
354321105573703.0,3.0,0.985295533078508
354418076463601.0,0.0,0.1959523443898581
354442096400801.0,2.0,0.9901530873333324
354525097242201.0,3.0,0.00823765140330368
354527099470501.0,3.0,0.20011353755720607
354616081085101.0,,0.16847148880883933
354616081085102.0,,0.174822466454292
354731106072001.0,2.0,0.8881858146665683
354731106072002.0,2.0,0.9094605005971985
354731106072003.0,3.0,0.9296553194230935
354916090512501.0,2.0,0.8039927194080116
355000106092802.0,1.0,0.38416777901436694
355000106092803.0,1.0,0.8240271654734639
355031081243202.0,0.0,0.004388055364199506
355031081243203.0,0.0,0.006848754934769996
355120105593901.0,1.0,0.38625742055929924
355120105593902.0,1.0,0.4224541705718887
355359080331701.0,1.0,0.34415835270306705
355510096293501.0,,0.6090991227128123
355522079043001.0,3.0,0.63824626880871
355944079013401.0,2.0,0.44140576004119036
360020087573300.0,2.0,0.05419702921443481
360055110304001.0,2.0,0.9868540400166761
360252090173201.0,0.0,0.1136789180544121
360252090173202.0,0.0,1.0
360349115100001.0,2.0,0.9888434921494138
360425089485001.0,0.0,0.0063223407511519
360455081530101.0,0.0,0.26806543106673053
360521085432600.0,2.0,4.7253893223908605e-06
360543084343101.0,1.0,0.0008491739917542152
360835086441100.0,3.0,0.11313171954142631
361011079595401.0,1.0,0.3090769254569874
361145089394101.0,0.0,0.4270631164596601
361225110240701.0,2.0,0.9973793824433348
361232115061001.0,1.0,0.9355870444184582
361307080293101.0,0.0,0.3791135221817036
361400115040901.0,2.0,0.9586509596380032
361410115142601.0,2.0,0.7598492191817725
361410115142602.0,2.0,0.7419254643108544
361410115142603.0,2.0,0.8116158847718079
361415094452501.0,1.0,0.5828172130192752
361420077111407.0,1.0,0.3340719707705677
361442098092801.0,1.0,0.07160352953846827
361456115111001.0,3.0,0.029179303210861263
361536099464601.0,2.0,0.5238621337151002
361626115090701.0,2.0,0.9876081202190149
361704115121901.0,3.0,0.08173380806581765
361714099315101.0,0.0,0.8851656625683754
361739099323301.0,3.0,0.0012334738790050759
361829076163201.0,0.0,0.1682983682983683
362231079410801.0,1.0,0.10295515317721227
362417116163600.0,1.0,0.959572455434528
362529116171100.0,2.0,0.5913508583477572
362718089552301.0,0.0,1.0
362935096291501.0,1.0,0.006318295237392246
362936109564101.0,3.0,0.04949952008801062
362955089581801.0,0.0,0.007760319073802591
363033101440701.0,3.0,0.9992981704254842
363143110355001.0,2.0,0.021103117505876456
363213116133800.0,3.0,0.041294506301230216
363236094290301.0,3.0,0.28206423164499905
363308114553001.0,3.0,0.9298131983889864
363436092391001.0,1.0,0.050392071965140395
363442090364301.0,0.0,0.006282411532221088
363503115385701.0,2.0,0.9395970107505756
363551090152801.0,1.0,0.18238450021492214
363728093150401.0,2.0,0.039112565300585156
363850110100801.0,2.0,0.9784622728428751
363855093134701.0,2.0,0.156710286610528
364006093200301.0,3.0,0.462449573658834
364059093520001.0,2.0,0.00016927276220612963
364313094121101.0,3.0,0.711860343204124
364324091515001.0,2.0,0.33619757100243175
364338110154601.0,3.0,0.5357799039497508
364453093543601.0,3.0,0.8963249240390257
364453093543602.0,2.0,0.8186262331383931
364528116232201.0,2.0,0.4478137041378646
364643089212301.0,0.0,0.005609459473812639
364650114432001.0,3.0,0.6193008903069139
364743114533101.0,3.0,0.4149679295788047
364818094185301.0,2.0,0.13604326286818225
364818094185302.0,3.0,0.18190187604128072
364821098144901.0,0.0,0.02361721557143126
364831098120201.0,1.0,0.023360865307684664
365143098404201.0,0.0,0.00146641931825775
365229094520201.0,2.0,0.6642523821726567
365236112442501.0,2.0,0.2156204653127769
365319089331001.0,0.0,0.24362106939239936
365403112452801.0,3.0,0.47643984739192946
365415093342301.0,1.0,0.533538084167948
365451093555501.0,2.0,0.002068595655097205
365559092030001.0,2.0,0.289565683774194
365602092395101.0,2.0,0.3984819399223364
365602112460201.0,3.0,0.4171136810658119
365644094001301.0,2.0,0.055872924008436686
365645093431601.0,2.0,0.28166695899772165
365654091001301.0,1.0,0.06526147159392892
365732094513201.0,1.0,0.16080634455894238
365942094504203.0,0.0,0.2911644174841844
365949091421401.0,2.0,0.20510056428295598
370005093122401.0,3.0,0.04238869063855788
370224094320201.0,3.0,0.7647955739033847
370236093174401.0,2.0,0.42437092144230915
370248090042601.0,0.0,0.04985232546818086
370354093325901.0,2.0,0.0458566165398796
370539093494001.0,3.0,0.4464326911678057
370539093494002.0,2.0,0.023665882310263453
370600094223501.0,1.0,0.00039150005861665615
370624092244701.0,2.0,0.20373394054115357
370655093035301.0,2.0,0.14482697377834863
370828094274101.0,3.0,0.8653443364336929
370907093144101.0,2.0,0.0006156650568954758
371036094171301.0,2.0,0.3416212020122825
371125089445301.0,0.0,0.1436962541270671
371151116294104.0,3.0,0.2502797600717609
371247116284502.0,3.0,0.339486246100276
371312116283801.0,3.0,0.0385234184525719
371425116251902.0,2.0,0.9390557340052811
371435093134701.0,2.0,0.5583023314480502
371548093144701.0,0.0,0.0066464161521069265
371548093144702.0,2.0,0.007710108768081314
371558093181901.0,2.0,0.13768619050963327
371800092094801.0,2.0,0.36110260871715505
371801093260401.0,2.0,0.2044421605305844
372022092542201.0,2.0,0.501944625551891
372153091322301.0,2.0,0.051762521822375396
372202094370201.0,2.0,0.32774800362522505
372202094370202.0,3.0,0.24975357151700206
372338094052801.0,3.0,0.4617184202844451
372521089362401.0,2.0,0.5604324642110916
372639114520901.0,2.0,0.6662587047686422
372715090510701.0,1.0,0.2850998029462126
372853091061801.0,2.0,0.0005142892899845375
372958094161001.0,3.0,0.05794609282065455
373056091063801.0,3.0,0.3552764127708281
373210090180601.0,3.0,0.07608834985449375
373559090082901.0,2.0,0.7683560692110797
373620093470301.0,3.0,0.033701788953457434
373653091330101.0,3.0,0.05191939275045887
373701093151601.0,2.0,0.1259007308082264
373849118513001.0,1.0,0.3863328119000793
373905091071001.0,3.0,0.0009235034953063437
373906092385201.0,2.0,0.6478279400518314
373930118491602.0,3.0,0.2966647376201308
373955091065901.0,2.0,0.6574672834798361
374215114453101.0,2.0,0.47940120243707385
374254094524501.0,0.0,0.3071053570888841
374515090255601.0,2.0,0.5697374271810828
374649090242601.0,2.0,0.7749743581830987
375259093181401.0,3.0,0.001316064097339087
375306090125301.0,2.0,0.6611596540481319
375429092300701.0,1.0,0.21163757737293754
375617090465401.0,3.0,0.06087803892166388
375625091480401.0,3.0,0.0031343957816571955
375749091475001.0,2.0,0.34410465120645184
375907091432201.0,3.0,0.432509307441871
380038092442701.0,2.0,0.2152697569305695
380229093464701.0,2.0,0.9801325323619977
380322091142601.0,2.0,0.4140204085751583
380435090281301.0,2.0,0.19319847985020389
380501090335501.0,2.0,0.8672843232101202
380531114534201.0,2.0,0.823522337350884
380545094213501.0,2.0,0.09683933767063357
380616075380701.0,1.0,0.0014770557336779566
380626087344401.0,1.0,0.01219738761973499
380717092395401.0,3.0,0.07832541083215216
380758115204601.0,3.0,0.3161677679749707
380900091153901.0,3.0,0.0007967412681971764
381045091564801.0,2.0,0.071576354615276
381217091104501.0,2.0,0.39256462697074246
381405090260301.0,3.0,0.33662611751485394
381641093214601.0,1.0,0.2880576156941669
381652093215501.0,3.0,0.7372511154658185
381956076275301.0,2.0,0.49992971104917894
382038075065901.0,0.0,0.14849753386026976
382100090592801.0,2.0,0.044904788530972684
382156085382401.0,0.0,0.0011933817136103864
382215075041903.0,1.0,0.11932538086760436
382323086044501.0,0.0,0.4288311734612025
382323104200701.0,0.0,0.9684178170294043
382325075063302.0,1.0,0.068177779657004
382407076260301.0,2.0,0.5832431318447959
382443075033501.0,1.0,0.4731231412265916
382549076260101.0,2.0,0.5518205836698266
382635075030603.0,1.0,0.42696334290032234
382726093121601.0,2.0,0.08774051790199211
382745091275701.0,2.0,0.0625113058803406
382748093595101.0,3.0,0.8105111507858724
382836091502301.0,3.0,0.1731598091244142
383012086124501.0,3.0,0.0693465163429855
383031090384101.0,3.0,0.17012452383740806
383226092054001.0,2.0,0.001259622013484507
383239076354201.0,2.0,0.5500293070634588
383247087361001.0,0.0,0.13621206352079607
383302090420201.0,2.0,0.0018465680800908713
383550092094201.0,0.0,0.0324642919991438
383628090411901.0,3.0,0.09788586230351282
383644091124901.0,3.0,0.08182867157990037
383659086545901.0,0.0,0.046757778650332926
383746076482901.0,1.0,1.676291643248895e-05
383906090511401.0,2.0,0.14173214340921558
383929092464901.0,2.0,0.9671002418483398
384147093101901.0,2.0,0.06772967850414169
384258091243001.0,0.0,0.147195795217814
384333076394701.0,2.0,0.3780022478580959
384415093190101.0,3.0,0.9176465565447852
384455093201001.0,3.0,0.7170794119826032
384534093431101.0,3.0,0.925444954981629
384545093331601.0,3.0,0.9758500642110505
384713091474301.0,2.0,0.43185925416553195
384737090372001.0,3.0,0.03643284142306602
384832093192501.0,3.0,0.9044464774056018
384846090510301.0,3.0,0.7738689868301427
384849090092001.0,0.0,0.311506497420572
384917091594401.0,3.0,0.2096459269906913
384949085251901.0,0.0,0.007890441453854535
384951087202501.0,1.0,0.0948858401594661
385041075395602.0,0.0,0.00012089385013513976
385252076572801.0,2.0,0.631484994487867
385428091265001.0,3.0,0.3976856834857052
385432091343201.0,3.0,0.43175968413385957
385521114503601.0,2.0,0.00022587754238101443
385601085365701.0,3.0,0.005912685380986105
385607074555201.0,0.0,0.06031128734531721
385709074512801.0,,0.21032256538875682
385718092234201.0,3.0,0.38837059305626664
385804074574201.0,1.0,0.45575444038851753
385837090594701.0,3.0,0.7964402250347282
385845090583801.0,3.0,0.8122462655990648
385853092592801.0,0.0,0.18476397932076427
390002074541002.0,2.0,0.17713281371201028
390012074472001.0,3.0,0.1392916626442544
390150090542801.0,2.0,0.7134076835481491
390156074533401.0,0.0,0.02143233868283212
390207092570801.0,2.0,0.013075475840050865
390211074505502.0,0.0,0.10627513481566075
390422074544701.0,1.0,0.49111918355446094
390425074544601.0,1.0,4.170062553354725e-05
390608074483801.0,0.0,0.025667945186249708
390651092125101.0,3.0,0.4323763762594983
390750093233401.0,2.0,0.7452900545747383
390945091494001.0,2.0,0.2940374509341298
390945094234001.0,,0.22593678901288283
390950085553501.0,1.0,0.07928999454473995
391035085560401.0,1.0,0.1766994939801475
391145074520401.0,1.0,0.07747168820922479
391149092072901.0,3.0,0.37558074317978374
391222093185501.0,3.0,0.026210713556599652
391236094170201.0,0.0,0.12244949311582021
391621074435401.0,1.0,0.0032855436081223877
391627085534401.0,0.0,0.10524589275344043
391730102422000.0,2.0,0.9521563020731856
391825091285101.0,2.0,0.916443721108724
391827074371001.0,2.0,0.07172054119969384
391828075120902.0,3.0,0.6021283616073471
392017074300201.0,2.0,0.08259163563042216
392022085371801.0,0.0,0.09410409328745784
392032074300801.0,2.0,0.030845895452567773
392045076512501.0,1.0,0.34752100763678573
392045093302401.0,0.0,0.0023065928505692224
392147090541901.0,2.0,0.7199855230562043
392153074250101.0,3.0,0.5601610699923212
392232074234403.0,0.0,0.013012892647327967
392321092153901.0,2.0,0.3042575296836071
392336094550403.0,0.0,0.3356603702134312
392512074521206.0,2.0,0.8887187955711402
392731075092401.0,0.0,0.08606808645704744
392732075092401.0,0.0,0.08391732598953827
392733075092401.0,3.0,0.8640166187463489
392754074270101.0,3.0,0.34259680874453446
392820087242601.0,3.0,0.16998875101516053
392920074570001.0,0.0,0.29866246237473026
392931076410301.0,3.0,0.056649868526035374
393055075083501.0,2.0,0.669094637743544
393115074191001.0,0.0,0.5447536193570942
393218095032601.0,1.0,0.017939928325166332
393232074263901.0,3.0,0.5239102380427508
393232074263903.0,0.0,0.002857940579901963
393246075012701.0,1.0,0.0009288849060827831
393310114475001.0,0.0,0.8110035728361684
393333074442401.0,3.0,0.16137122622627287
393348075275701.0,,0.32713543610227513
393423086161001.0,0.0,0.3155678609454732
393541083001100.0,0.0,0.013344440310096406
393544093075601.0,0.0,0.023733833695138373
393619087043001.0,1.0,0.39724895255991155
393733077274801.0,0.0,0.11320330313033078
393749074550901.0,0.0,0.12896782609279978
393851077343001.0,3.0,0.5635377317513198
393855086120701.0,1.0,0.17996620677534647
393902103554000.0,0.0,0.18015231316158797
393902103554001.0,0.0,0.04800668881860504
393902103554003.0,0.0,0.20427072860211182
393943085490901.0,0.0,0.045968259517804366
394008077005601.0,0.0,0.42570393585202737
394013093400201.0,0.0,0.06669850628535767
394025086400801.0,1.0,0.5977796403854686
394036116183401.0,3.0,0.9236675245977612
394037075191501.0,2.0,0.08813727977610808
394106074362501.0,0.0,0.27438527852757244
394119075062701.0,3.0,0.7657211109176206
394156092030201.0,1.0,0.12681727292375322
394201093181101.0,0.0,0.24128185299002725
394215074561701.0,2.0,0.5267374534102742
394215074561702.0,2.0,0.1908296279705154
394215074561703.0,3.0,0.9460679795192191
394221075072201.0,0.0,0.01840018223718698
394236075272101.0,0.0,0.07491182038317346
394256075101001.0,0.0,0.016655378058250903
394336074161201.0,1.0,0.005200843079936179
394354075025901.0,0.0,0.17274268372971124
394422074430903.0,0.0,0.23195154128052486
394426085080601.0,0.0,0.32025843608811233
394430077225001.0,2.0,0.35326550222431563
394440074593101.0,1.0,0.11214165580704538
394452074281901.0,0.0,0.30376727253058855
394513074280601.0,0.0,0.07508669627323061
394652075100401.0,2.0,0.14294727385822525
394652075100402.0,2.0,0.13320534182110844
394655080014301.0,0.0,0.2733171692217583
394742074142002.0,0.0,0.09087609361403814
394755078135001.0,3.0,0.021400595844758286
394800074524601.0,3.0,0.818473193473193
394808075172401.0,1.0,0.002494247539603256
394808075172402.0,0.0,0.0064648222654203336
394808075172404.0,1.0,0.0009185339733099873
394829074053503.0,0.0,0.5529574302351938
394843079351401.0,1.0,0.23054205646927117
394904074253601.0,3.0,0.4113959565324624
394922074563301.0,2.0,0.25169708690301995
394922074563302.0,2.0,0.5441744855025186
394942075131701.0,3.0,0.00022983732879755525
394957075053001.0,2.0,0.3633040535146628
395028074104401.0,0.0,0.0008675031166006653
395034074112101.0,0.0,0.09527551316188698
395043091262601.0,0.0,0.1775384886333765
395058083002400.0,,0.00010090860770228804
395122074301701.0,3.0,0.002496833628149231
395122074301702.0,0.0,0.2122033301841313
395131082592400.0,0.0,0.38785348876174197
395136108210004.0,2.0,0.3118002667231463
395150074284201.0,0.0,0.17927622886212335
395206075111801.0,1.0,0.00035254570713061373
395229074571201.0,2.0,0.4404428454167614
395229074571202.0,2.0,0.5492726575899587
395232075094201.0,2.0,0.3926780425098563
395309074352101.0,3.0,0.14524964821491737
395309074352102.0,2.0,0.23299980721161306
395315074494601.0,0.0,0.06663890089868552
395322077365301.0,3.0,0.06535938511844275
395342075102101.0,1.0,0.8157519668929635
395355095051601.0,0.0,0.0037511256774618307
395450075485401.0,0.0,0.025522932720717595
395512075293701.0,0.0,0.037242620407544
395524074502501.0,2.0,0.3369565981931104
395524074502502.0,3.0,0.6369739572769382
395525074502505.0,2.0,0.39595843755417937
395525074502601.0,2.0,0.4148967089529191
395609074124001.0,1.0,0.7033481908300966
395846077040601.0,0.0,0.3096194870268427
395920079021501.0,0.0,0.009251327076729488
395928074502701.0,0.0,0.023242850857769448
395930074142101.0,3.0,0.7663272057932519
400008079142801.0,0.0,0.005422085500695895
400010074521601.0,2.0,0.1633129122490815
400105093591601.0,2.0,0.10719968178203398
400120074265401.0,3.0,0.10297113995996499
400148074352001.0,0.0,0.18627697714607871
400148074352101.0,0.0,0.09328938109719642
400209077183301.0,0.0,0.03727982982668221
400210074031001.0,3.0,0.024656076791280457
400210074031002.0,3.0,0.8435360358590379
400217078281901.0,1.0,0.28553251267674973
400229075104601.0,0.0,0.08887548859537531
400232074213201.0,0.0,0.08895529149133574
400233080261301.0,3.0,0.0024300640653273087
400242074422301.0,3.0,0.03553840261189656
400247086482101.0,3.0,0.4213210151208434
400251094485901.0,0.0,0.4127650320455579
400416074270101.0,2.0,0.05482614743099823
400416074270103.0,0.0,0.01219409814832284
400458093582001.0,3.0,0.48856783643139357
400532086183901.0,3.0,0.0078351875002024
400541085213701.0,2.0,0.0004570895360909155
400711074020201.0,3.0,0.02003826186932367
400808075210401.0,0.0,0.1788999398748502
400832074082101.0,3.0,0.07445815943573508
400916076492301.0,0.0,0.0035301799806396472
400920099215501.0,2.0,0.2966852050177332
400949083480100.0,0.0,0.006000113669582974
401057091494501.0,3.0,0.27572031793344665
401105074120201.0,3.0,0.13173536135162567
401105074120202.0,3.0,0.02621648171443991
401105074120203.0,3.0,0.06281225715097083
401105074120204.0,3.0,0.02095168320007379
401105074120205.0,3.0,0.4071656389796422
401157075032001.0,0.0,0.0267793020409407
401229074290001.0,0.0,0.33293255389974585
401310075181702.0,3.0,0.6520296377775412
401416099270601.0,2.0,0.11727083108570169
401444093442001.0,1.0,0.40138309346131373
401532085085301.0,0.0,0.16866260475756134
401542074053001.0,2.0,0.07214016286300307
401552074501801.0,1.0,0.24478931648951974
401637076071501.0,0.0,0.27396375857110256
401733075171401.0,1.0,0.3623916690504069
401735098522701.0,2.0,0.48507465258154026
401753074483501.0,1.0,0.34967028465879657
401804074432601.0,0.0,0.05509115778953855
401834074515501.0,2.0,0.5269128898026632
401843078075401.0,2.0,0.22335948788245097
401857099195201.0,2.0,0.8980904315927072
401906074151401.0,1.0,0.3883390079352712
401920092130301.0,1.0,0.10179528393493065
402101099595001.0,2.0,0.000669683268156307
402109074301301.0,,0.13436898175768275
402109074301302.0,1.0,0.09910768583289586
402118076462201.0,1.0,0.0019513581168617566
402138074435801.0,1.0,0.41513841220973235
402138079031802.0,1.0,0.43505959773870195
402143074185201.0,1.0,0.0015815777819965238
402151074525301.0,1.0,0.09318120250595852
402207076180801.0,0.0,0.24779969936647694
402208074145201.0,2.0,0.33067343119136416
402255076422001.0,1.0,0.2737480129852594
402322085481901.0,1.0,0.00022827975082773122
402350073583901.0,1.0,0.3942572578936183
402356091344001.0,2.0,0.09471499569382069
402411077374801.0,1.0,0.3201346268065568
402426074001901.0,2.0,0.06285289245023351
402452078271301.0,0.0,0.005107369146914009
402512074414301.0,1.0,0.3004530385608374
402553074271701.0,1.0,0.018007764175977936
402615075530501.0,2.0,0.03731611660076728
402625098594501.0,3.0,0.00010376074580609185
402643075150501.0,2.0,0.15400099925491595
402644074563601.0,0.0,0.019804835861563674
402657093470201.0,0.0,0.01404926508946347
402734087033401.0,2.0,0.5701530670339536
402734087033402.0,0.0,0.24293116868298936
402735077100901.0,0.0,0.010790802800881738
402750078452201.0,0.0,0.3160752924725597
402851087213501.0,0.0,0.07859136427005342
403006080252301.0,1.0,0.12058996403523148
403032096104801.0,1.0,0.10994195516152538
403055094364701.0,0.0,0.2608999983920772
403119074290301.0,0.0,0.043948814047074736
403132099381001.0,2.0,0.9196045308990227
403200074420601.0,1.0,0.002787539246152382
403223096360601.0,2.0,0.2703511440239038
403300074202901.0,0.0,1.0
403301094492301.0,0.0,0.34136616873440406
403400096435501.0,2.0,0.6581585077429752
403407086175701.0,0.0,0.05631635487336217
403429075392401.0,3.0,0.002877676868318968
403452092292901.0,1.0,0.020033364021837974
403455074514801.0,1.0,0.5877184832103628
403501091420401.0,3.0,0.5611083815239524
403517074452501.0,0.0,0.003747214026185941
403719075091801.0,1.0,0.12631410127924758
403734080063001.0,0.0,0.11708081786996416
403836085374401.0,3.0,0.009066623010325459
403923082325500.0,0.0,0.22815249933065562
403939076591001.0,1.0,0.39132823957502805
403948085414601.0,2.0,0.4157645580042236
404014074585401.0,0.0,0.0008310617577826918
404106074171901.0,1.0,0.08522175003360188
404140077354001.0,,1.7489763243450085e-05
404239076362001.0,1.0,0.3096366242962665
404331085064701.0,0.0,0.209179251166688
404455074203202.0,,0.050664967620184576
404518077575501.0,2.0,0.3623666852552827
404556077525101.0,2.0,0.004824522981063395
404639074230001.0,3.0,0.4003909043298276
404708076070701.0,,0.19873887359275522
404712074454701.0,3.0,0.09751328537170245
404745075184001.0,0.0,0.019831722221866688
404858085284301.0,3.0,0.1309941379720726
404901118223601.0,2.0,0.8655603096079683
404934074400501.0,1.0,0.04139900858391565
405027074232301.0,0.0,0.23199461701820634
405105087173301.0,1.0,0.35026557275746195
405320078483901.0,1.0,0.33074602253864527
405344079380201.0,0.0,0.016561824354601407
405414074354201.0,1.0,0.02551460777153358
405451091483301.0,1.0,0.019890020577485013
405531074361901.0,1.0,0.03166641078293775
405535074073701.0,1.0,0.2743553080424479
405613074430901.0,1.0,0.10525691656277447
405737101423201.0,2.0,0.45470882407927804
405808074583001.0,1.0,0.09080264639235236
405829086175801.0,0.0,0.21413723507407023
405902087141501.0,0.0,0.6600392138999315
405928077115501.0,,0.06074179578766992
405959087282901.0,3.0,0.17958543649909864
405959087282902.0,1.0,0.24701523073776677
410005074473801.0,1.0,0.19303214185196804
410057095075101.0,1.0,0.04037898223405967
410123075425401.0,1.0,0.0006134377618046694
410155074060201.0,0.0,1.0
410207074270001.0,1.0,0.1707244120455388
410233104093201.0,3.0,0.9900176475002134
410233104093203.0,,0.2956927113827924
410235087305901.0,3.0,0.12181752934843049
410249087011201.0,0.0,0.5524087809223567
410337085264201.0,,0.29601995758791977
410426084495201.0,3.0,0.7363049350593277
410428087231501.0,0.0,0.07693004107857737
410428087231502.0,1.0,0.04905171682294329
410431074395801.0,3.0,0.04976175836243024
410449074483301.0,1.0,0.17819912308978514
410501079524401.0,1.0,0.22909523981377922
410508105003801.0,2.0,0.7404917938482358
410538080280801.0,0.0,0.0017038677324627827
410627078313601.0,0.0,0.4034879085968043
410628073413301.0,0.0,0.5449230251100768
410705076334901.0,1.0,0.18529579137425878
410727076402901.0,0.0,0.4876369296770706
410739086365201.0,0.0,0.32371810727316996
410804074424401.0,1.0,0.0047020845959186985
410809087580801.0,1.0,0.5898117773465296
410853073554001.0,1.0,0.2789014076172378
410914074540401.0,1.0,0.096629481049603
410917087285801.0,1.0,0.4089122744672733
410928074522801.0,1.0,0.025642429673640388
410932084561101.0,1.0,0.6011039835867842
410940074583401.0,,0.08272311962643586
411038087284701.0,1.0,0.5408393013142357
411138081172500.0,0.0,0.04136860302014067
411223075234901.0,1.0,0.07509339618103372
411421073481202.0,1.0,0.009834043945343818
411424077462201.0,3.0,0.019810046332548348
411734078522101.0,1.0,0.4983670126174161
411756076162701.0,0.0,0.0813888654262308
411802073593001.0,1.0,0.002389927222425481
411833075133601.0,0.0,0.00946282762145556
411922085221801.0,1.0,0.011445415536519121
411958079540202.0,3.0,0.05872422565854163
412020079133901.0,0.0,0.048994510209087516
412149073445601.0,1.0,0.20514030460324018
412154071462901.0,0.0,0.05394583090497662
412350086512801.0,0.0,0.6373606274128747
412427076594401.0,2.0,0.2881885850624002
412429073165101.0,1.0,0.07807628834573965
412458078324601.0,0.0,0.001965099648911117
412637074362301.0,1.0,0.35075920495277624
412714073331301.0,1.0,0.3309302309824037
412732078034201.0,0.0,0.019397601664749575
412739080104201.0,1.0,0.026351569688583543
412823079030601.0,1.0,0.647913251449479
412825072410501.0,0.0,0.015628231913211832
412826076083301.0,1.0,0.13003323871760764
412844071422802.0,1.0,0.0765815477063796
412910117321001.0,0.0,0.3075903932362415
412916073121701.0,1.0,0.05200110074620923
412918071321001.0,1.0,0.1034703030142533
412932071374302.0,0.0,0.10338491124307025
413026076352901.0,1.0,0.12801937359853754
413106085232701.0,1.0,0.4940019415343485
413121085481301.0,1.0,0.019708008173026648
413139086341401.0,1.0,0.6378739117470132
413252071323601.0,1.0,0.013368103235127493
413346075421301.0,2.0,0.0020123452240972117
413358071433801.0,0.0,0.0416460130200631
413428074085701.0,1.0,0.11184367095099168
413434086434701.0,1.0,0.3875095077788411
413535072253701.0,0.0,0.3269805753800321
413542080245002.0,3.0,5.581192976555904e-06
413547083481500.0,0.0,0.00036413994178075004
413559087270301.0,1.0,0.006073383725247461
413801070322703.0,1.0,0.001092903443495885
414101070011001.0,0.0,0.0210128436550876
414124070311401.0,1.0,0.04882246992403927
414125070265901.0,2.0,0.00031999107112157255
414128073475201.0,1.0,0.3285376197091021
414129070361401.0,1.0,0.0158756596734686
414139070311501.0,1.0,0.042894753824670784
414159070310501.0,2.0,0.048774252371653226
414159079213601.0,3.0,0.29598356660401526
414219070313601.0,2.0,0.04611685580788161
414240072033201.0,0.0,0.09507937784838005
414315091252002.0,0.0,0.04939614298265793
414318085200601.0,1.0,0.15168999853013665
414330076280501.0,0.0,0.01905423947816076
414333075153201.0,1.0,0.1367998408949478
414429074052001.0,1.0,0.7690792356198732
414513077333701.0,1.0,0.37245909285242973
414525074360601.0,1.0,0.22549560206623176
414630070014901.0,1.0,0.023122331384982875
414632070014901.0,0.0,0.1544388532482478
414640077493801.0,0.0,0.025908583367698856
414737073563301.0,2.0,0.10424336535704859
414741072134501.0,0.0,0.5014992363390139
414831072173002.0,0.0,0.33011246140663
414948074035001.0,1.0,0.43682668593760143
415104121232901.0,3.0,0.1236674732812354
415150078220401.0,3.0,0.27593495812571334
415228070554601.0,0.0,0.2258617935248438
415323077451301.0,3.0,0.9102415032694458
415354069585201.0,0.0,0.12454999208689932
415439093094801.0,0.0,0.30985572888995894
415453070434901.0,1.0,0.382785663052883
415501096081201.0,0.0,0.0669173565594996
415546121205401.0,0.0,0.23265303355435996
415607080044601.0,1.0,0.8804550417808032
420014091442701.0,1.0,0.08728038817943184
420206070045901.0,1.0,0.049843791132098914
420212095235701.0,0.0,0.920581805339935
420305072581401.0,1.0,0.0034373952636713723
420316070433501.0,1.0,0.07510544951823817
420318121312201.0,3.0,0.4580484181997241
420321070433502.0,0.0,0.00015796351521513152
420326079295801.0,0.0,0.1525597642583182
420348121453601.0,3.0,0.1074301050946761
420350073193601.0,1.0,0.12122791758046092
420530078445201.0,0.0,0.17811442366746189
420544071173701.0,1.0,0.22912874635220537
420545071174001.0,0.0,0.08151911759976804
420828076484601.0,1.0,0.10950448333013318
420829076484801.0,0.0,0.13805366816225018
421138075511301.0,1.0,0.04207630140198271
421157075535401.0,3.0,0.15034061545689603
421213076313301.0,1.0,0.016171862641819246
421512077472801.0,0.0,0.33049625232182644
421544078021301.0,0.0,1.0
421556075281602.0,1.0,0.11065918602044589
421746074180201.0,1.0,0.1517403618690275
421853071220501.0,1.0,0.07907277506782207
421903074152301.0,0.0,0.0660762799752952
421948074483701.0,0.0,0.025181450886017198
421948074483702.0,0.0,1.0
422103072241102.0,0.0,0.5634169509445153
422241073274601.0,1.0,0.053566632715621454
422323076190301.0,1.0,0.03760505446812479
422341071464901.0,0.0,0.005290759254955368
422445077203301.0,1.0,0.03702108908020674
422622073410901.0,1.0,0.4265392846846281
422702079005101.0,0.0,0.9413814084718846
422710076462901.0,0.0,0.2553493368007782
422745073112001.0,1.0,0.17350824852357694
422812071244401.0,1.0,0.3465270504379453
422902076475801.0,1.0,0.014583042042268346
422906072124301.0,0.0,0.08561346997048636
422920076275301.0,0.0,0.2464972375690655
423035121331401.0,0.0,0.27806312503900366
423058071025401.0,0.0,0.046106204339764756
423115071032001.0,0.0,0.11471537225686168
423143076582601.0,1.0,0.1349883924648385
423307099494501.0,,0.26563057166119175
423401071093801.0,1.0,0.12602717324647483
423506070491401.0,1.0,0.20686112916704047
423530074191701.0,1.0,0.41929322254679635
423534073423401.0,2.0,0.6220652354775082
423743078070802.0,1.0,0.07966577658717744
423827076035901.0,1.0,0.47836402105301057
424017074301501.0,,0.3471151349024221
424115073495301.0,1.0,0.6136078902694715
424136075025101.0,0.0,0.09719802580510639
424158076251901.0,0.0,0.06533624978607588
424311073423901.0,0.0,0.7536369855218833
424347076530201.0,0.0,0.4877344877345018
424347076530202.0,0.0,0.11841464074937158
424452076081902.0,0.0,0.03654444401646417
424520070562401.0,0.0,0.10770241927574864
424837099425201.0,2.0,0.8322274469374141
424841071004101.0,0.0,0.04328129540557213
424859073585501.0,1.0,0.08439051410327347
425024071413001.0,1.0,0.16689296858718428
425048073472501.0,1.0,0.19029884106171147
425448076350002.0,1.0,0.3299866995156874
425511074254001.0,1.0,0.09622979129624487
425704078360601.0,1.0,0.06530664931742525
425803077151201.0,0.0,0.1752299551269375
425821076461301.0,1.0,0.24032049871217354
425833077503901.0,0.0,0.02242348263951488
425840077133901.0,0.0,0.011944539293575418
425846075504501.0,3.0,0.6584617515654978
425913078085501.0,0.0,0.008541125762721036
430029121552101.0,3.0,0.2874987478719363
430056075354102.0,0.0,0.21094604592474442
430121074523001.0,2.0,0.008204652738522333
430146078101301.0,1.0,0.18197440112948982
430203091501201.0,1.0,0.07479852466887482
430243076180401.0,0.0,0.0008601248255842853
430243076180402.0,1.0,0.03178623394698443
430252077283402.0,0.0,0.11427512578084897
430311077051501.0,1.0,0.5789971929571159
430327073475401.0,2.0,0.46797777809928487
430510093425101.0,0.0,0.6603648285935366
430649121305201.0,3.0,0.7539008092807065
430739078502701.0,0.0,1.0
430924078241301.0,2.0,0.041054492235764184
430930074290301.0,1.0,0.004262029578485982
431030073192101.0,0.0,0.0575225618878733
431045078160401.0,0.0,0.01585567865711668
431120071284201.0,0.0,0.017267534847707044
431227075233301.0,2.0,0.0810047093971944
431308078544501.0,1.0,0.018711621175109827
431359075235501.0,1.0,0.06678824175685327
431540071452801.0,1.0,0.028919563300709994
431841074573201.0,0.0,0.0005284323802109414
432148076225101.0,0.0,0.6689474889012899
432148076225102.0,0.0,0.7088796084383934
432310070393301.0,1.0,0.24421657950328357
432832074122201.0,0.0,0.026264600756916723
433001073474701.0,1.0,0.06316446892844596
433112075091501.0,0.0,0.01539271499194339
433258073440201.0,2.0,0.5757518611802769
433551110443501.0,3.0,0.4507789250800107
433603110443501.0,3.0,0.6233279659299175
433604110443402.0,3.0,0.6721305696864308
433604110443403.0,3.0,0.6682802714506527
433613110443501.0,3.0,0.22836570209633877
433615110440001.0,3.0,0.5044293769207147
433641110441501.0,3.0,0.5571042623022469
434400121275801.0,0.0,0.05656209783890542
434955070261401.0,1.0,0.06458445153266079
435253073440701.0,0.0,0.031904314026908076
435453070013601.0,0.0,0.34226925721492796
435902070171301.0,0.0,0.6950674856563945
440050094102801.0,3.0,0.16246853384922655
440114075453701.0,0.0,0.2978973164355898
440213070203201.0,1.0,0.16240201581237346
440642070583402.0,0.0,0.007864467666786279
440810069553601.0,1.0,0.05826287844366784
440823070291501.0,0.0,0.14003105443055475
440918069564001.0,2.0,0.001211460642016715
440939075191301.0,0.0,0.03139576229246133
441214075542101.0,0.0,0.29768020842929266
441440068182701.0,1.0,0.12409470559812263
441533069452401.0,0.0,0.2162695401426481
441644073315101.0,1.0,0.11953848217880325
441801069455501.0,0.0,0.076018176173411
442233069490701.0,0.0,0.041631265930328065
442238068154101.0,0.0,1.0
442242121405501.0,2.0,0.15539963679961444
442450068175201.0,0.0,0.17329067585769486
442515070481002.0,1.0,0.19659735979091375
442822069081301.0,1.0,0.07782394126246128
443053094591001.0,2.0,0.7924915606127826
443407069020901.0,1.0,0.31539071275592423
443647070552302.0,1.0,0.27244478685157136
443647070552303.0,1.0,0.09291016807048957
443831070002601.0,1.0,0.13525821883828426
443852092420901.0,0.0,2.7537942379973757e-05
443912092423501.0,1.0,0.5335997704340824
444205092500001.0,2.0,0.656387192403006
444302070252401.0,0.0,0.004591013325650706
444424095312301.0,2.0,0.2173239322296906
444427093353903.0,3.0,0.9333336327996135
444431095324101.0,1.0,0.17769972685000535
444443095305001.0,2.0,0.14220159392076148
444447095293501.0,2.0,0.5632148706691831
444904074455201.0,0.0,0.02055378897246596
444950068220602.0,0.0,0.0029800426458278517
445052073350201.0,1.0,0.2326220265470227
445216074593001.0,1.0,0.3194174971210233
445227067520101.0,0.0,0.41474140412407945
445319068560101.0,0.0,0.2104356332562316
445511074103901.0,1.0,0.6017650047715535
445511074103902.0,1.0,0.2254577161486424
445805073380501.0,0.0,0.0005170509295161496
450116093205301.0,0.0,0.5101060112960245
450223093231801.0,3.0,0.9912399843383228
450238093082501.0,3.0,0.25809086235730205
450524112380701.0,3.0,0.32535515554792405
450539070301301.0,0.0,0.2022854821741067
450713067162801.0,0.0,1.0
450937112393701.0,1.0,0.11624492440272105
451128070280301.0,0.0,0.024956111232857126
451746106301101.0,1.0,0.017816242932280013
452012093412701.0,0.0,0.003501131320589601
452033122195901.0,3.0,0.264553583336835
452416106413001.0,2.0,0.6672414694047955
452822122372001.0,3.0,0.13220096423219108
452825122355501.0,2.0,0.10585142027810412
452827122382401.0,1.0,0.24382620469129201
452827122382402.0,0.0,0.00033337678590628084
452829069322101.0,0.0,0.00814854840979351
452859122364701.0,2.0,0.18619013884685554
452912122312801.0,3.0,0.024392507109062822
453107106110601.0,0.0,0.036154822176932444
453629068531801.0,0.0,0.19389268891738032
454043110005101.0,1.0,0.16260055002053975
454302108392001.0,0.0,0.2646994473050346
454809111095401.0,1.0,0.13167832407390057
455927095123101.0,0.0,0.013923316234948135
461518114090802.0,0.0,0.4274574744467746
461935118081501.0,3.0,0.004453571484161811
462641110561701.0,2.0,0.20088270227367144
463642069344601.0,0.0,0.09873672918481535
463750114033001.0,0.0,0.0006713278903749398
464259067572901.0,1.0,0.20156018799319042
465033122570202.0,0.0,0.11802040721317109
470049113035401.0,2.0,0.8240498002079825
470946114013201.0,2.0,0.08028993672033902
471457068353001.0,0.0,9.377676302080307e-05
473423095053301.0,1.0,0.3648007109050475
473425095052302.0,1.0,0.37783099191938363
473425095052602.0,1.0,0.38276980925494064
473426095052401.0,1.0,0.3886204261328474
473442118162201.0,3.0,0.03709813864395217
473841096153101.0,0.0,0.13332386927451012
473933096243701.0,0.0,0.2985533843035184
473945096202401.0,0.0,1.0
473945096202402.0,0.0,0.024904879124411083
474005111583803.0,0.0,0.5312389368629638
474011117072901.0,3.0,0.005994393046425128
474125096120602.0,1.0,0.21637249392117386
474126096165301.0,1.0,0.02547155936710721
474135096203001.0,0.0,0.1616042220210514
474251114385201.0,3.0,0.36814760303987926
474309096122001.0,0.0,0.10097441657992035
474310096121801.0,0.0,0.042737956652251
474346096185501.0,1.0,0.004044917476945353
474436096140801.0,0.0,0.03181333117851337
474719096163100.0,0.0,0.03713806850124035
474921093144001.0,0.0,0.030376002397125568
475439116503401.0,3.0,0.27827642895807814
480034105195401.0,3.0,0.8558759650760308
480621115244901.0,1.0,0.33917153496249586
480746105080104.0,3.0,0.8315257744893563
481713105052804.0,0.0,0.03490764313430139
483318104105402.0,0.0,0.8120009441084988
483650104084001.0,0.0,0.5513943200637161
